Module,Feature,Status,API Endpoint,File,Notes,Priority
Dashboard,Total Stock Value,DONE,GET /api/dashboard,dashboard.js,Fixed CostPrice to Cost column,
Dashboard,Low Stock Alerts,DONE,GET /api/dashboard,dashboard.js,Fixed IsDeleted to IsDelete,
Dashboard,Out of Stock Items,DONE,GET /api/dashboard,dashboard.js,Working,
Dashboard,Purchase Summary,PARTIAL,GET /api/dashboard,dashboard.js,Query needs column fixes,
Dashboard,Sales Summary,PARTIAL,GET /api/dashboard,dashboard.js,Query needs column fixes,
Dashboard,Recent Transactions,DONE,GET /api/dashboard,dashboard.js,Working,
Dashboard,Expiry Alerts,DONE,GET /api/dashboard,dashboard.js,Working,
Dashboard,Monthly Sales/Purchases,PARTIAL,GET /api/dashboard,dashboard.js,Query needs column fixes,
Dashboard,Top Products,PARTIAL,GET /api/dashboard,dashboard.js,Query needs column fixes,
Master Management,Company Master,DONE,GET/POST /api/company,companiesRoutes.js,Companies table with GST + branches,
Master Management,User Management,DONE,GET/POST /api/users,userRoutes.js,5 users created with hierarchy,
Master Management,Role-Based Access Control,DONE,GET/POST /api/roles,roleRoutes.js,Owner/Manager/TeamLead/Employee,
Master Management,User Types,DONE,GET /api/usertypes,userTypeRoutes.js,Admin/Manager/TeamLead/Employee,
Master Management,Login / JWT Auth,DONE,POST /api/users/login,userRoutes.js,AccessToken + RefreshToken,
Master Management,Password Reset,DONE,POST /api/users/forgot-password,userRoutes.js,Email OTP verification,
Master Management,Employee Management,DONE,GET/POST /api/erp/employees,employees.js,Full CRUD departments designations,
Master Management,Department Management,DONE,GET/POST /api/erp/departments,employees.js,Working with correct column names,
Master Management,Designation Management,DONE,GET/POST /api/erp/designations,employees.js,Working with correct column names,
Master Management,Supplier/Vendor Management,DONE,GET/POST /api/suppliers,suppliers.js,Full CRUD,
Master Management,Customer Management,DONE,GET/POST /api/customers,customers.js,Full CRUD,
Product Management,Product Master,DONE,GET/POST /api/products,products.js,ProductName Code SKU Barcode HSN GST,
Product Management,Category Management,DONE,GET/POST /api/productcategory,productCategoryController.js,Main + Sub categories,
Product Management,Brand Management,DONE,GET/POST /api/brands,brands.js,Working,
Product Management,Unit Management,DONE,GET/POST /api/units,units.js,Kg Nos Box Meter Liter,
Product Management,Product Tax Mapping,DONE,GET/POST /api/product-tax-map,productTaxMap.controller.js,GST rate per product,
Inventory Management,Stock Inward (GRN),DONE,GET/POST /api/grn,grnController.js,Goods Receipt Note,
Inventory Management,Stock Outward,DONE,GET/POST /api/sales-orders,salesOrders.js,Full CRUD,
Inventory Management,Stock Transfer,DONE,GET/POST /api/stock-transfers,stockTransfers.js,Branch/Warehouse transfer,
Inventory Management,Stock Adjustment,DONE,GET/POST /api/stock-adjustments,stockAdjustments.js,Damage Lost Manual,
Inventory Management,Product Stock per Warehouse,DONE,GET/POST /api/product-stock,productStockcontroller.js,Current Available Reserved,
Inventory Management,Stock Movements,DONE,GET /api/stock-movements,stockMovements.js,Full movement history,
Inventory Management,Tax Management,DONE,GET/POST /api/taxes,taxes.js,GST CGST SGST IGST,
Warehouse Management,Warehouse Master,DONE,GET/POST /api/warehouses,warehouses.js,Multiple warehouses,
Warehouse Management,Rack Management,DONE,GET/POST /api/erp/racks,notifications.js,Working,
Warehouse Management,Bin Management,DONE,GET/POST /api/erp/bins,notifications.js,Working,
Warehouse Management,Location Tracking,DONE,Model only,WarehouseLocations.js,Rack Shelf Bin,
Purchase Management,Purchase Requisition,DONE,GET/POST /api/erp/purchase-requisitions,purchaseRequisitions.js,Working via pgQuery wrapper,
Purchase Management,Purchase Order,DONE,GET/POST /api/purchase-orders,purchaseOrders.js,Full CRUD with items,
Purchase Management,GRN,DONE,GET/POST /api/grn,grnController.js,Working,
Purchase Management,Purchase Return,DONE,GET/POST /api/erp/purchase-returns,purchaseReturns.js,Working via pgQuery wrapper,
Purchase Management,Purchase Order Items,DONE,GET/POST /api/purchase-order-items,purchaseOrderItems.js,Working,
Sales Management,Quotation,DONE,GET/POST /api/erp/sales-quotations,salesQuotations.js,Working via pgQuery wrapper,
Sales Management,Sales Order,DONE,GET/POST /api/sales-orders,salesOrders.js,Full CRUD with items,
Sales Management,Delivery Challan,DONE,GET/POST /api/erp/delivery-challans,deliveryChallans.js,Working via pgQuery wrapper,
Sales Management,Invoice,DONE,GET/POST /api/crm/invoices,Invoices.js,Working,
Sales Management,Sales Return,DONE,GET/POST /api/erp/sales-returns,salesReturns.js,Working via pgQuery wrapper,
Batch & Serial,Batch Tracking,DONE,GET/POST /api/batches,batchSerialController.js,Mfg Date Expiry Date,
Batch & Serial,Serial Number Tracking,DONE,GET/POST /api/serial-numbers,batchSerialController.js,Mobile Electronics Machinery,
Production,BOM,DONE,GET/POST /api/erp/bom,production.js,Working via pgQuery wrapper,
Production,Production Orders,DONE,GET/POST /api/erp/production-orders,production.js,Working via pgQuery wrapper,
Production,Production Tracking,DONE,Model only,ProductionTracking.js,Model exists,
CRM,Accounts,DONE,GET/POST /api/crm/accounts,entityControllers.js,Full CRUD,
CRM,Contacts,DONE,GET/POST /api/crm/contacts,entityControllers.js,Full CRUD,
CRM,Leads,DONE,GET/POST /api/crm/leads,entityControllers.js,Full CRUD with assignment,
CRM,Opportunities,DONE,GET/POST /api/crm/opportunities,entityControllers.js,Full CRUD,
CRM,Activities,DONE,GET/POST /api/crm/activities,entityControllers.js,Calls Emails Meetings Tasks,
CRM,Quotes,DONE,GET/POST /api/crm/quotes,entityControllers.js,Working,
CRM,Invoices,DONE,GET/POST /api/crm/invoices,entityControllers.js,Working,
CRM,Payments,DONE,GET/POST /api/crm/payments,entityControllers.js,Working,
CRM,Cases,DONE,GET/POST /api/crm/cases,entityControllers.js,Working,
CRM,Pre-Sales,DONE,GET/POST /api/crm/presales,entityControllers.js,Working,
CRM,Task Types,DONE,GET /api/crm/task-types,taskTypesController.js,Working,
CRM,Sales Stages,DONE,GET /api/crm/sales-stages,masterDataController.js,Working,
CRM,Industries,DONE,GET /api/crm/industries,masterDataController.js,Working,
CRM,Lead Sources,DONE,GET /api/crm/lead-sources,masterDataController.js,Working,
CRM,Followup Types,DONE,GET /api/crm/followup-types,masterDataController.js,Working,
Financial,Expense Management,DONE,GET/POST /api/erp/expenses,notifications.js,Full CRUD,
Financial,Profit & Loss Reports,DONE,GET/POST /api/profit-loss-reports,profitLossReportscontroller.js,Working,
Financial,Tax Management,DONE,GET/POST /api/taxes,taxes.js,GST CGST SGST IGST,
Notifications,Notification CRUD,DONE,GET/POST /api/erp/notifications,notifications.js,Full CRUD with read/unread,
Notifications,Email Notifications,DONE,Utility only,utils/email.js,Nodemailer configured,
Notifications,Notification Preferences,DONE,Model only,NotificationPreferences.js,Model exists,
Reports,Report Overview,DONE,GET /api/reports/overview,reportController.js,Summary + API health + alerts,
Reports,Employee Activity Report,DONE,GET /api/reports/employee-activity,reportController.js,Leads Opps Revenue per user,
Reports,CRM Digest Report,DONE,POST /api/reports/digest,reportController.js,Weekly + Monthly email digest,
Reports,Profit & Loss,DONE,GET /api/profit-loss-reports,profitLossReportscontroller.js,Working,
Approval Workflow,Create Approval Request,DONE,POST /api/erp/approvals,notifications.js,Working,
Approval Workflow,Get Approvals List,PENDING,GET /api/erp/approvals,notifications.js,Column mismatch: RequestedById,HIGH
Approval Workflow,Process Approval,DONE,PUT /api/erp/approvals/:id/process,notifications.js,Working,
Audit Trail,Audit Logs,DONE,GET /api/audit-logs,AuditLog.js,Working,
Audit Trail,Audit Events,DONE,GET /api/system/audit-events,auditEventsController.js,Working,
Audit Trail,Company Settings,DONE,GET /api/system/company-settings,companySettingsController.js,Working,
Audit Trail,CreatedBy/UpdatedBy,DONE,All tables,All models,Every table has audit fields,
Audit Trail,Soft Delete,DONE,All tables,All models,Soft delete on all entities,
Monitoring,Prometheus Metrics Middleware,DONE,Middleware,prometheusMetrics.js,7 metrics: requests duration in-flight sizes DB socket circuit breaker,
Monitoring,/metrics Endpoint,DONE,GET /metrics,prometheusMetrics.js,Prometheus text format,
Monitoring,Prometheus Config,DONE,Config file,prometheus.yml,Scrape every 15s,
Monitoring,Grafana Dashboard (21 panels),DONE,Import JSON,grafana/erp-api-dashboard.json,Import directly into Grafana,
Monitoring,Alerting Rules (12 rules),DONE,YAML file,grafana/alerting_rules.yml,Error rate latency traffic memory,
Real-time,Socket.IO Chat,DONE,WebSocket,sockets/chatSocket.js,Real-time messaging,
Real-time,Chat Channels,DONE,GET/POST /api/chat,channels.js,Working,
Real-time,Chat Messages,DONE,GET/POST /api/chat,messages.js,Working,
Real-time,Teams Chat,DONE,GET/POST /api/teams-chat,teamsChatController.js,Working,
Security,JWT Authentication,DONE,Middleware,authMiddleware.js,Access + Refresh tokens,
Security,Rate Limiting,DONE,Middleware,server.js,5000 req/15min dev 100 prod,
Security,CORS Configuration,DONE,Middleware,server.js,Multiple allowed origins,
Security,Helmet Security Headers,DONE,Middleware,server.js,CSP CORS etc,
Security,RBAC Middleware,DONE,Middleware,rbac.js,Role-based access control,
Security,Token Revocation,DONE,Table,token_revocation_list,Logout support,
---PENDING WORK---,,,,,,
Pending,Quality Control Module,PENDING,,,Inspection Records Rejected Material Quality Reports,HIGH
Pending,WhatsApp Notifications,PENDING,,,WhatsApp Business API integration,HIGH
Pending,Barcode Generation,PENDING,,,Barcode + QR Code generation for products,MEDIUM
Pending,Excel Import/Export,PENDING,,,Product Sales Purchase bulk import/export,MEDIUM
Pending,PDF Reports,PENDING,,,Invoice Purchase Order Quotation PDF generation,MEDIUM
Pending,ERP Module Column Fixes,PENDING,,,Remaining MSSQL to PostgreSQL column name fixes in 8 controllers,HIGH
Pending,Dashboard Query Fixes,PENDING,,,Remaining unquoted column names in dashboard queries,HIGH
Pending,Raw Material Management,PENDING,,,Consumption tracking Wastage tracking,LOW